,Suburb/Town Name
Melbourne,2299
Bundoora,1395
Highett,956
Southbank,906
Cheltenham,876
South Yarra,867
Port Melbourne,845
Flemington,816
Tullamarine,808
Greensborough,808
Glen Iris,782
Truganina,770
Fawkner,728
Dandenong,725
Kensington,708
Frankston,703
Kilsyth,702
St Kilda East,696
Hillside,694
St Kilda,676
Mildura,676
Burwood,671
Traralgon,669
Preston,668
Warrnambool,667
Pakenham,661
Shepparton,660
Broadmeadows,657
Oakleigh South,653
Werribee,650
Richmond,650
Keilor East,650
Reservoir,649
Carlton,647
Morwell,646
Craigieburn,643
Docklands,642
Sunshine,640
Bendigo,639
Sunbury,638
Wangaratta,636
St Albans,636
Epping,636
Footscray,634
Ringwood,630
Geelong,629
Narre Warren,628
Windsor,624
Horsham,622
Fitzroy North,622
Cranbourne,618
Prahran,617
Noble Park,617
Wodonga,617
Wantirna South,616
Ballarat Central,616
Sale,616
Moe,616
Laverton,616
Coburg,611
Seaford,608
Hoppers Crossing,606
Springvale,606
Thomastown,605
Mill Park,605
Fairfield,605
Swan Hill,602
Brunswick,601
Doreen,599
Boronia,597
Croydon,597
Lilydale,594
Glenroy,592
Mornington,591
Berwick,591
Bairnsdale,589
Corio,587
Benalla,587
South Melbourne,585
Warragul,585
Hamilton,583
Melton,583
Fitzroy,583
Seymour,582
North Melbourne,580
Doncaster,580
Rosebud,579
Carrum Downs,578
Clifton Hill,578
Ferntree Gully,577
Glen Waverley,576
Ararat,572
Macleod,569
Mooroolbark,566
Echuca,564
Northcote,563
Portland,562
Moonee Ponds,559
Hastings,559
Box Hill,559
Colac,558
Brunswick East,558
Collingwood,558
Point Cook,558
Lalor,557
Clayton,556
Wallan,555
Heidelberg,551
Rowville,549
Williamstown,549
Wendouree,549
Norlane,548
Surrey Hills,548
Hampton Park,546
Tarneit,545
Essendon,545
Bayswater,544
Stawell,543
Drouin,542
West Melbourne,542
Maryborough,541
Brooklyn,540
East Melbourne,539
Wonthaggi,539
Deer Park,539
Melton South,538
Altona,538
Mount Waverley,538
Beaconsfield,537
Roxburgh Park,537
Frankston North,535
Bacchus Marsh,533
South Morang,531
Endeavour Hills,531
Malvern East,530
Heidelberg West,530
Keysborough,528
Dandenong North,528
Caroline Springs,527
Campbellfield,527
Altona North,526
Sunshine North,526
Ascot Vale,526
Langwarrin,525
Narre Warren South,525
Moorabbin,524
Doveton,524
Kangaroo Flat,523
Mordialloc,523
Kew,521
Brighton,521
Meadow Heights,520
Taylors Lakes,520
Hawthorn,519
Nunawading,518
Abbotsford,518
Eltham,517
Mooroopna,517
Sunshine West,516
Oakleigh,516
Cranbourne North,516
Newborough,515
Hallam,515
Thornbury,513
Bentleigh East,512
Mernda,511
Lakes Entrance,510
Altona Meadows,507
Belmont,507
Sebastopol,507
Castlemaine,506
Braybrook,506
Maribyrnong,506
West Wodonga,505
Clayton South,504
Lara,504
Mulgrave,504
Doncaster East,503
Mentone,501
Coburg North,501
Camberwell,500
Diggers Rest,499
Kyneton,498
Pascoe Vale,497
Melton West,496
Golden Square,496
Newport,496
Rye,496
Yarraville,494
Kilmore,492
Kyabram,488
Mitcham,487
Alphington,487
Lyndhurst,486
Ringwood East,485
Wyndham Vale,485
Keilor Downs,484
Cobram,482
Chadstone,481
Airport West,478
Chelsea,478
Bayswater North,478
Grovedale,477
Chirnside Park,477
Bentleigh,475
Upper Ferntree Gully,475
Heidelberg Heights,473
Diamond Creek,472
Eaglehawk,472
Carlton North,471
Wantirna,471
Cowes,468
Brunswick West,468
Cranbourne West,468
Dromana,468
Carnegie,466
Ivanhoe,464
Brighton East,464
Somerville,464
Maidstone,463
Churchill,463
Elwood,463
Kerang,461
Coolaroo,460
Parkville,460
Long Gully,460
Cranbourne East,459
Blackburn,459
Greenvale,459
Dallas,457
Frankston South,457
Sandringham,456
Carrum,456
Hadfield,455
Officer,455
Malvern,455
Toorak,453
Elsternwick,452
Balaclava,450
Hampton,450
Wheelers Hill,450
Springvale South,448
Yarrawonga,448
Geelong West,448
Dandenong South,446
West Footscray,446
Kurunjang,446
Hampton East,445
Newcomb,445
Torquay,442
Ballarat East,440
Leongatha,440
Parkdale,439
Keilor,439
Newtown,438
Capel Sound,438
Robinvale,438
Broadford,437
Gisborne,436
California Gully,436
Bulleen,434
Whittington,434
Caulfield North,434
Maffra,433
Red Cliffs,431
Balwyn North,431
Noble Park North,431
Whittlesea,431
Mount Eliza,429
Heathmont,429
Watsonia,428
North Geelong,428
Bell Park,426
Forest Hill,426
Ashwood,426
Sydenham,425
Orbost,424
Westmeadows,424
Hawthorn East,423
Healesville,421
Gladstone Park,421
Albion,421
Templestowe Lower,420
Harkness,420
Patterson Lakes,419
Lynbrook,418
Korumburra,417
Dingley Village,417
Cairnlea,417
Ashburton,417
Avondale Heights,416
Pascoe Vale South,416
Kings Park,416
Mansfield,415
Knoxfield,415
Belgrave,415
Highton,415
Delacombe,414
Ocean Grove,413
Wollert,413
Derrimut,412
Skye,412
Mickleham,411
Little River,410
Beveridge,410
Albanvale,409
Mount Evelyn,408
Tootgarook,408
Mount Martha,408
Redan,407
Taylors Hill,407
Leopold,406
Darley,405
Delahey,405
Brookfield,405
Caulfield,405
Beaumaris,405
Caulfield South,405
Albert Park,403
Armadale,402
Burwood East,402
Strathmore,402
Bonbeach,402
Numurkah,402
Trafalgar,401
Kennington,400
Kialla,400
Templestowe,399
Vermont,398
Scoresby,398
Montrose,395
Alfredton,395
Inverloch,395
Clyde North,394
Aspendale,393
Murrumbeena,393
North Bendigo,392
Jacana,391
Lysterfield,391
Manor Lakes,391
Woodend,391
Ardeer,390
Eltham North,389
Chelsea Heights,389
St Arnaud,389
Tatura,388
Blackburn South,388
Merbein,385
Box Hill North,384
Edithvale,383
Myrtleford,383
Strathdale,380
Balwyn,380
Longwarry,380
Narre Warren North,379
Irymple,378
Yarram,378
Ringwood North,378
Epsom,377
Rosanna,376
Mount Duneed,375
Clarinda,375
Kingsbury,373
Vermont South,373
Kealba,372
Laverton North,372
Oakleigh East,371
Upwey,370
Camperdown,369
Hamlyn Heights,369
Montmorency,369
Williams Landing,368
Glen Huntly,368
Heathcote,366
Donvale,365
The Basin,365
Ballan,365
East Bairnsdale,363
Ormond,362
Hughesdale,361
Caulfield East,361
Creswick,359
Emerald,359
Warracknabeal,356
Croydon North,355
White Hills,355
Bell Post Hill,355
East Geelong,355
Cremorne,354
Maddingley,354
Golden Point,353
Seddon,352
Ravenhall,351
Thomson,351
Croydon South,351
Baxter,350
Cockatoo,349
Oak Park,348
Eumemmerring,347
Crib Point,347
Rosedale,346
Box Hill South,346
Niddrie,345
South Geelong,345
Romsey,344
Terang,344
Soldiers Hill,343
Flora Hill,343
St Kilda West,342
Melbourne Airport,342
Spotswood,341
Rochester,341
Breakwater,339
Heyfield,338
Alexandra,337
East Bendigo,334
Daylesford,334
Waurn Ponds,332
Kew East,332
Burnside,332
Lower Plenty,331
Yallourn North,331
Essendon North,330
Lang Lang,327
McKinnon,326
Mont Albert,326
Safety Beach,325
Portarlington,324
Drysdale,322
Koo Wee Rup,322
Herne Hill,321
North Wonthaggi,321
Port Fairy,319
Nagambie,319
Paynesville,318
Middle Park,318
Mount Pleasant,317
Werribee South,316
St Albans Park,316
Euroa,316
Blackburn North,315
Cohuna,314
Moolap,312
Buninyong,312
Keilor Park,311
Clyde,311
Mount Clear,310
Yarra Junction,309
Warrandyte,309
Heatherton,308
Tyabb,307
Canadian,306
Burnside Heights,305
Williamstown North,305
Viewbank,305
Winchelsea,304
Bittern,304
Dimboola,303
Bellfield,303
Seabrook,303
Ballarat North,302
Yarragon,302
Wandong,302
Black Rock,302
Wonga Park,299
Sorrento,295
Beechworth,295
Princes Hill,294
Clifton Springs,294
Maiden Gully,294
Canterbury,293
Aspendale Gardens,292
St Leonards,291
Monbulk,290
Huntingdale,290
Tooradin,290
Lake Wendouree,290
Hurstbridge,290
Lancefield,289
Somerton,289
Warburton,288
Yarra Glen,288
Pearcedale,288
Apollo Bay,287
Notting Hill,286
McCrae,286
Stratford,286
Braeside,285
Beaufort,285
Kingsville,285
Rockbank,284
Heywood,283
Woori Yallock,283
Quarry Hill,282
Nhill,281
Tottenham,280
Burnley,280
Riddells Creek,280
Wurruk,280
Strathfieldsaye,279
Nathalia,278
Coldstream,278
Spring Gully,277
Fraser Rise,275
Manifold Heights,275
Yallambie,274
Rushworth,274
Yea,272
Kilsyth South,271
Barwon Heads,270
Bright,270
Armstrong Creek,269
Lorne,268
Mount Cottrell,268
Bannockburn,268
Macedon,266
Huntly,266
Seville,266
Mirboo North,265
Bunyip,265
Ironbark,264
Rutherglen,264
North Shore,264
Aberfeldie,264
Gembrook,263
Lovely Banks,263
Wandin North,259
Launching Place,258
Cranbourne South,258
Tongala,256
Mortlake,256
Weir Views,255
Black Hill,255
Brown Hill,255
San Remo,254
Eildon,253
Casterton,253
Lucknow,252
Travancore,252
Koroit,251
Ouyen,248
Moorooduc,248
Briar Hill,248
Kalkallo,247
Ivanhoe East,246
Point Lonsdale,245
Eaglemont,245
Tecoma,245
Wedderburn,244
Miners Rest,244
Ripponlea,243
Traralgon East,243
South Wharf,243
Seaholme,242
Eastwood,242
Kinglake,242
Bulla,242
Watsonia North,241
Ascot,240
Newington,239
Cobden,238
Attwood,238
Grantville,237
Carisbrook,237
Cape Woolamai,237
Murtoa,237
Blairgowrie,237
Mallacoota,235
Coleraine,234
Essendon Fields,234
Sandhurst,234
Anglesea,233
Plenty,231
Elliminyt,231
Tallarook,231
Mont Albert North,231
Drumcondra,230
Warrenheip,230
Corryong,230
Jan Juc,230
Millgrove,229
Olinda,228
Wy Yung,226
Murchison,225
Marshall,224
Foster,223
Loch Sport,223
Dunolly,223
Allansford,223
Park Orchards,223
St Helena,221
Bakery Hill,221
Devon Meadows,221
Cobblebank,220
Avoca,219
Elmore,218
Chiltern,216
New Gisborne,216
Kalimna,215
Jackass Flat,215
Clunes,215
Bangholme,214
Croydon Hills,214
Balnarring,214
Strathmerton,213
Kinglake West,212
Curlewis,212
Campbells Creek,211
Malmsbury,210
Mitchell Park,210
Avenel,210
Nichols Point,210
Hazelwood North,209
Glenrowan,209
Botanic Ridge,209
Kooyong,207
Nar Nar Goon,207
South Kingsville,207
Garfield,207
Smythes Creek,207
Shepparton East,206
Inglewood,206
Research,205
Dennington,204
Rippleside,203
Glengarry,202
Neerim South,201
Maldon,201
Mount Helen,200
Gowanbrae,198
Beaconsfield Upper,198
Aintree,197
Mount Dandenong,196
Longford,195
Nyah West,195
Donald,195
Portsea,193
Nyora,192
South Dudley,191
Winter Valley,191
Smythesdale,190
Strathtulloh,189
Pakenham Upper,189
Wesburn,188
Tyers,187
Toolern Vale,187
Thornhill Park,187
Barnawartha,186
Silvan,186
Shepparton North,186
Dalyston,186
Kaniva,186
Coronet Bay,185
Yarrambat,185
Lake Boga,185
Cape Paterson,184
Invermay Park,184
Metung,183
Warranwood,183
Darnum,183
Stanhope,182
Harcourt,182
Halls Gap,182
Bass,182
Toora,181
Belgrave South,181
Corinella,181
Charlton,180
Ventnor,180
Grangefields,180
Queenscliff,179
Wattle Glen,178
Tallangatta,176
Waterways,176
Nicholson,175
Eagle Point,175
Marong,175
Goornong,175
Timboon,175
Gardenvale,174
Donnybrook,174
Wandana Heights,174
Essendon West,173
Deepdene,173
Bonnie Brook,171
Great Western,170
West Bendigo,170
Langwarrin South,170
Indented Head,170
Fyansford,170
Bonnie Doon,169
Boolarra,169
Baranduda,169
Toongabbie,169
Wahgunyah,168
Gordon,167
Yinnar,167
Jeparit,166
Pyalong,166
Lake Gardens,166
Selby,165
Flowerdale,165
Girgarre,165
Eureka,164
Junortoun,163
Edenhope,163
Somers,162
Harkaway,162
Merrigum,160
Strathmore Heights,160
Lucas,160
Newhaven,159
Trentham,157
Cardinia,157
Koondrook,157
Badger Creek,156
Violet Town,156
Orrvale,156
Cardross,156
Briagolong,155
Nerrina,155
Eynesbury,155
Keilor Lodge,155
Mooroopna North,154
Cann River,154
Junction Village,154
Kalorama,153
Menzies Creek,153
Clonbinane,152
Bruthen,151
Mount Macedon,150
Barmah,149
Ardmona,148
Moorabbin Airport,148
Meredith,148
Cardigan,147
Ferny Creek,146
Elphinstone,146
Venus Bay,145
Avalon,145
Congupna,145
Golden Beach,144
Wallington,144
Lake Tyers,144
Gisborne South,144
Swan Reach,144
North Warrandyte,144
Nar Nar Goon North,144
Baddaginnie,144
Longwarry North,143
Tynong,143
Anakie,143
Snake Valley,143
Sassafras,142
Katunga,141
Deanside,141
Woodvale,140
Pyramid Hill,140
Blind Bight,140
Keilor North,140
Ravenswood,139
Drouin East,138
Fingal,138
Haddon,138
St Andrews,138
Newstead,138
Penshurst,137
Connewarre,137
Springhurst,136
Wycheproof,136
Koonoomoo,136
Loch,135
Kallista,135
Noojee,135
Fulham,135
Hopetoun,134
Tuerong,134
Eden Park,132
Birregurra,132
Port Albert,131
Drouin South,131
Burrumbeet,131
Lysterfield South,131
Chewton,131
Inverleigh,130
Meeniyan,130
Lexton,130
Murchison East,130
Seaspray,130
Charlemont,129
Mount Beauty,129
Oaklands Junction,129
Mount Moriac,129
Batesford,129
Newmerella,128
Yellingbo,128
Birdwoodton,128
St Andrews Beach,128
Manangatang,128
Yarroweyah,128
Trafalgar East,128
Talbot,128
Parwan,127
Leitchville,127
Lismore,127
Fish Creek,126
Lockington,126
Kangaroo Ground,126
Marysville,126
Newry,126
Wangaratta South,125
Clarkefield,125
Tynong North,125
Belgrave Heights,125
Haven,124
Yackandandah,124
Tanjil South,124
Linton,124
Lockwood,123
Lake Tyers Beach,123
Bridgewater On Loddon,123
Arthurs Seat,123
Bullengarook,123
Heathcote Junction,123
Woodside,123
Kilmore East,122
Moe South,122
Glenmaggie,122
Rupanyup,122
Flinders,121
Undera,121
Marlo,121
Rainbow,121
Don Valley,121
Nowa Nowa,120
Scarsdale,120
Buxton,119
Aireys Inlet,119
Korong Vale,119
Sailors Gully,118
Nyah,118
Cannons Creek,118
Gruyere,118
Gormandale,117
Ross Creek,117
Invergordon,117
Echuca Village,117
Minyip,117
Toolamba,117
Tungamah,116
Porepunkah,116
Skipton,116
Toorloo Arm,116
Seville East,116
Hernes Oak,116
Omeo,115
Balliang,115
Katamatite,115
Sea Lake,115
Labertouche,115
Poowong,115
Grahamvale,114
Caldermeade,114
Bayles,114
Tooborac,114
Macclesfield,114
Gunbower,113
Bonegilla,113
Rhyll,113
Red Hill,113
Dargo,113
Axedale,113
Wunghnu,113
Tallygaroopna,112
Portland North,112
Serpentine,112
Beulah,111
East Warburton,111
Kialla West,111
Surf Beach,111
Yinnar South,111
Golden Gully,110
Kilcunda,110
Quambatook,110
Glenburn,110
Lake Bolac,110
Bandiana,110
Upper Plenty,109
Pioneer Bay,109
Lockwood South,109
Port Campbell,108
Drouin West,108
Killara,108
Invermay,107
Boneo,107
Carlsruhe,107
Bellbrae,107
Willow Grove,107
Jindivick,107
The Patch,106
Yan Yean,106
Narre Warren East,106
Thorpdale,106
Pakenham South,106
Myrniong,105
Muckleford,105
Teesdale,105
Lindenow,105
Denison,105
Woorinen South,105
Birchip,104
Willaura,104
Rawson,104
Barnawartha North,104
Darraweit Guim,102
Coimadai,102
Taradale,102
Pentland Hills,102
Yelta,102
Puckapunyal,101
Boort,101
Magpie,101
Sunset Strip,101
Kalimna West,101
Wildwood,101
Thornton,101
Greendale,101
Lancaster,100
Mangalore,100
Bundalong,100
Tylden,100
North Wangaratta,100
Warneet,100
Hepburn Springs,100
Narbethong,99
Dunkeld,99
Mount Egerton,99
Calder Park,98
Hazelwood,98
Newlands Arm,98
Avonsleigh,98
Colac East,97
Dereel,97
Myers Flat,97
Toolangi,97
Hoddles Creek,97
Lethbridge,97
Elaine,96
Torrumbarry,96
Neilborough,96
Eppalock,95
Christmas Hills,95
Chum Creek,95
Nambrok,95
Bamawm,94
Moriac,94
Enfield,94
Erica,94
Cardigan Village,94
Branxholme,93
Wimbledon Heights,93
Colignan,93
Cabarita,93
Panton Hill,92
Dumbalk,92
Wyuna,92
Napoleons,91
Koyuga,91
Tarwin Lower,91
Lindenow South,91
Hopetoun Park,91
Rokewood,90
Merbein South,90
Garvoc,90
Wandin East,90
Raywood,90
Dixons Creek,90
Bridgewater,89
Taggerty,89
Framlingham,89
Tinamba,88
Learmonth,88
Colac West,88
Bolwarra,87
Jamieson,87
Waubra,87
Burramine,87
Koorlong,87
Murrayville,87
Merino,87
Moyston,86
Beeac,86
Winton,86
Freshwater Creek,86
Nutfield,86
Portland West,85
Sarsfield,85
Merrimu,85
Officer South,85
Tresco,85
Panmure,85
Bealiba,85
Waranga Shores,85
Merrijig,85
Katandra West,85
Long Forest,84
Moyhu,84
Majorca,84
Goughs Bay,84
Yallourn,84
Leneva,84
Cressy,83
Whiteheads Creek,83
Buchan,83
Landsborough,83
Guildford,83
Port Welshpool,83
Apsley,83
Blackwood,82
Ultima,82
Nanneella,82
Johnsonville,82
Bungaree,82
Lal Lal,82
Simpson,82
Exford,82
Big Hill,82
Woodstock,82
Cottles Bridge,82
Welshpool,81
Traralgon South,81
Cowwarr,81
Leongatha South,81
Catani,81
Raglan,81
Natimuk,81
Alberton,81
Shoreham,80
Irrewarra,80
Amphitheatre,80
Mambourin,80
Cape Schanck,80
Lake Bunga,80
Bylands,79
Redesdale,79
Toolleen,79
Clematis,79
Corop,79
Narrawong,79
Arthurs Creek,78
Bonshaw,78
Coongulla,78
Yuroke,78
Buln Buln,78
Dooen,77
Macarthur,77
Buangor,77
Picola,77
Cobram East,77
Jeeralang Junction,77
Killarney,77
Arcadia,77
Warrandyte South,76
Kinglake Central,75
Tangambalanga,75
Barkers Creek,75
Flynn,75
Balnarring Beach,75
Red Hill South,74
Caramut,74
Wellsford,74
Waterford Park,73
Stradbroke,73
Bellarine,73
Tolmie,73
Boisdale,73
Beverford,73
Stony Creek,73
Sandy Point,73
Swifts Creek,72
Piangil,72
Woorinen,72
Forge Creek,72
Longlea,72
Kyvalley,72
Dobie,72
Nilma,72
Rowsley,71
Woods Point,71
Mount Rowan,71
Carrajung Lower,71
Knowsley,71
Dalmore,70
Crossover,70
Yering,70
Trawalla,70
Newham,70
Maryvale,69
Kirkstall,69
Lardner,69
Barongarook,68
Peterborough,68
Oxley,68
Raymond Island,68
Armstrong,68
Dookie,68
Main Ridge,68
Humevale,68
Pine Lodge,68
Cobains,68
Drung,68
Lemnos,68
Smiths Beach,68
Daisy Hill,67
Waaia,67
Derrinallum,67
Narracan,67
Deep Lead,67
Sunday Creek,67
Shelbourne,67
Mia Mia,66
Paradise Beach,66
Milawa,66
Princetown,66
Monegeetta,66
Tremont,66
Byrneside,66
Fernbank,66
Bowenvale,66
Tabilk,66
Brim,65
Whorouly,65
Dewhurst,65
Sebastian,65
Woolamai,65
Hilldene,65
Gellibrand,65
Strath Creek,65
Goorambat,64
Leigh Creek,64
Miepoll,64
Sherbrooke,64
Mandurang,64
Dunnstown,64
Wharparilla,64
Shady Creek,64
Watchem,64
Bunbartha,63
St James,63
Zeerust,63
Kilmany,63
Wahring,63
Bet Bet,63
Koonwarra,63
Gheringhap,63
Kiewa,63
Nangiloc,63
Yarck,63
Noorat,63
Dingee,63
Purnim,63
Sunderland Bay,62
Yannathan,62
Glenlyon,62
Whroo,62
Wilsons Promontory,62
Navigators,61
Mount Wallace,61
Robertsons Beach,61
Pimpinio,61
Scotsburn,61
Murrabit,61
Bushfield,61
Wallace,61
Merricks North,61
Neerim,60
Mirboo,60
Goroke,60
Dartmoor,60
McKenzie Hill,60
Nungurner,60
Hepburn,60
Kotupna,60
The Gurdies,60
Nelson,60
Heathmere,60
Maryknoll,60
Balmoral,59
Merton,59
Guys Hill,59
Everton,59
Carwarp,59
Point Wilson,59
Breamlea,59
Powelltown,59
Gladysdale,59
Cororooke,59
Club Terrace,58
Eldorado,58
High Camp,58
Tonimbuk,58
Kongwak,58
Bellbridge,58
Tower Hill,58
Riverside,58
Bunkers Hill,58
Moondarra,58
Bena,58
Bolinda,58
Newbridge,57
Hesket,57
Pheasant Creek,57
Laanecoorie,57
Elmhurst,57
Faraday,57
Glenthompson,57
Balliang East,57
Harrietville,57
Boundary Bend,56
Strathallan,56
Mount Taylor,56
Forrest,56
Skenes Creek,56
Bethanga,56
Mitiamo,56
Moorabool,56
Trawool,56
Licola,56
Myrtlebank,55
Tyntynder,55
Buffalo River,55
Durham Lead,55
Tawonga South,55
Tarnagulla,55
Wandiligong,55
Dederang,55
Callignee,55
Axe Creek,54
Garfield North,54
Iona,54
Yanakie,54
Walhalla,54
Hawkesdale,54
Hexham,54
Nulla Vale,54
Black Range,54
Patchewollock,54
Drummond,53
Eganstown,53
Dhurringile,53
Tarrawingee,53
Wye River,53
Northwood,53
Ravenswood South,53
Patho,53
Darlington,53
Windermere,53
Glen Park,53
Harcourt North,53
Sedgwick,53
Dales Creek,53
Muckatah,53
Ceres,52
Bells Beach,52
Longwood,52
Woodend North,52
Mepunga,52
Waterloo,52
Shelford,52
Concongella,52
Dadswells Bridge,51
Modella,51
Echuca West,51
Clydebank,51
Serviceton,51
Dunach,51
Illowa,51
Ellinbank,51
Laceby,51
Timor,51
Ripplebrook,51
Laharum,51
Tyrendarra,51
Merbein West,51
Redbank,51
Driffield,51
Kimbolton,51
Cambrian Hill,50
Bagshot,50
Tatura East,50
Huon,50
Langsborough,50
Hazelwood South,50
Baringhup,50
Tenby Point,50
Hedley,50
Wilby,50
Carrajung,50
Locksley,50
Walkerville,50
Kaarimba,50
Kawarren,50
Murrindindi,50
Glenaroua,50
Castle Donnington,49
Evansford,49
Kamarooka,49
McMahons Creek,49
Longwood East,49
Smeaton,49
Sulky,49
Glenorchy,49
Yalca,49
Mailors Flat,49
Devon North,49
Glengarry North,49
Fairhaven,48
Markwood,48
Plumpton,48
Bailieston,48
Bookaar,48
Underbool,48
Mystic Park,48
Trafalgar South,48
Springfield,47
Won Wron,47
Buffalo,47
Molesworth,47
Cavendish,47
Lake Charm,47
Coomboona,47
Almurta,47
Walmer,47
Maindample,47
Balmattum,47
Whitfield,47
Tyntynder South,47
Outtrim,46
Reedy Creek,46
Gorae West,46
Yambuna,46
Beremboke,46
Hmas Cerberus,46
Strathbogie,46
Cape Clear,46
Silverleaves,46
Neerim East,46
Jacob Creek,46
Burnewang,46
Redcastle,45
Lavers Hill,45
Woolsthorpe,45
Cora Lynn,45
Modewarre,45
Ballendella,45
Carpendeit,45
Kerrisdale,45
Calivil,45
Castella,45
Benambra,45
Longerenong,45
Jancourt East,45
Lillimur,44
Vectis,44
Cashmore,44
Killawarra,44
Cocoroc,44
Crossley,44
Everton Upper,44
Wangoom,44
Yendon,44
Nullawarre,44
Colbinabbin,44
Berringa,44
Tambo Upper,43
Granite Rock,43
Cheshunt,43
Bundalaguah,43
Yambuk,43
Kiata,43
Benloch,43
Tatong,43
Harrow,43
Moliagul,43
Murchison North,43
Tawonga,43
Trentham East,43
Jam Jerrup,42
Iraak,42
Marengo,42
Walwa,42
Gapsted,42
Pirron Yallock,42
Three Bridges,42
Kingston,42
Bannerton,42
Quandong,42
Deans Marsh,42
Rubicon,42
Woodleigh,42
Drummond North,42
Gnarwarre,42
Mount Glasgow,42
Hollands Landing,42
Pearsondale,42
Kialla East,42
Tarraville,42
Alma,41
Mount Burnett,41
Marungi,41
Wemen,41
Mitta Mitta,41
Naring,41
Forbes,41
Seaton,41
Grassmere,41
Bunyip North,41
Scotts Creek,41
Gerang Gerung,41
Pootilla,41
Sandford,41
Borung,41
Moonambel,41
Mount Richmond,41
Happy Valley,41
Barongarook West,41
Shepherds Flat,40
Hill End,40
Girgarre East,40
Wyuna East,40
Dinner Plain,40
Fryerstown,40
Cloverlea,40
Timmering,40
Reefton,40
Tresco West,40
Harston,40
Woomelang,40
Marnoo,40
Maude,39
Korweinguboora,39
Wargan,39
Glen Forbes,39
Riverslea,39
Ecklin South,39
Sugarloaf Creek,39
Marcus Hill,39
Tragowel,39
Allestree,39
Cape Bridgewater,39
Derrinal,39
McLoughlins Beach,38
Millbrook,38
Kevington,38
Poowong North,38
Paraparap,38
Drumborg,38
Boorcan,38
Wooragee,38
Pomonal,38
Anderson,38
Broomfield,38
Giffard West,38
Huntly North,38
Wattle Bank,38
Stanley,38
Nilma North,38
Carlisle River,38
Brimin,38
Mount Mercer,38
Milltown,37
Vinifera,37
Bearii,37
Ovens,37
Calulu,37
Lower Moira,37
Smiths Gully,37
Cooma,37
Woodside Beach,37
Devenish,37
Swanpool,37
Newlyn,37
Point Leo,37
Bungalally,37
Kanyapella,36
Ingliston,36
Winnindoo,36
Valencia Creek,36
Steiglitz,36
McKenzie Creek,36
Wheatsheaf,36
Warrak,36
Swan Marsh,36
Mitchellstown,36
Jeetho,36
Strathewen,36
Eskdale,36
Ashbourne,36
Byawatha,36
Tarrington,36
Kerrie,36
Neerim Junction,36
Ebden,36
Lascelles,36
Waldara,36
Pomborneit,36
Strathdownie,35
Caniambo,35
Athlone,35
Barrabool,35
Buckley,35
Grenville,35
Emu Creek,35
Larpent,35
Willung South,35
Argyle,35
Koornalla,35
Sutherlands Creek,35
Sandy Creek,35
Bochara,34
Perry Bridge,34
Arcadia South,34
Muskerry,34
Goulburn Weir,34
Barjarg,34
Carngham,34
Ellerslie,34
Hattah,34
Willowmavin,34
Warncoort,34
Kergunyah,34
Chetwynd,34
Lalbert,34
Flagstaff,34
Werrimull,34
Winslow,34
Red Lion,33
Havelock,33
Berrybank,33
Bullarook,33
Ruby,33
Highlands,33
Mount Lonarch,33
Stonyford,33
Naringal,33
Acheron,33
Lauriston,33
Kyabram South,33
Cullulleraine,33
Gooram,33
Cudgee,33
Berriwillock,33
Bald Hills,33
Glengarry West,33
Toolamba West,33
Steels Creek,33
Natte Yallock,32
Stuart Mill,32
Lake Goldsmith,32
Metcalfe,32
Ondit,32
Granya,32
Kotta,32
Hallston,32
Boralma,32
Turtons Creek,32
Woodford,32
Hillcrest,32
Illawarra,32
Goon Nure,32
Binginwarri,32
Yaapeet,32
Clarendon,32
Boolarra South,32
Spring Hill,32
Quantong,32
Meerlieu,32
Rochford,32
Hallora,32
Barwite,32
Wattle Flat,31
Jeeralang,31
Adams Estate,31
Boorolite,31
Clifton Creek,31
Maroona,31
Pental Island,31
St Arnaud East,31
Blampied,31
Navarre,31
Kolora,31
Childers,31
Toolondo,31
Glenormiston South,31
Coomoora,31
Wail,31
Fosterville,31
Munro,31
Mount Camel,31
Amherst,31
Genoa,31
Musk,31
Merricks,31
Cape Otway,31
Carag Carag,30
Springbank,30
Walpa,30
Campbells Forest,30
Beech Forest,30
Wonwondah,30
Werneth,30
Gateway Island,30
Dartmouth,30
Delburn,30
Kariah,30
Alvie,30
Budgeree,30
Talgarno,30
Stonehaven,30
Tol Tol,30
Peechelba,30
Graytown,29
Molyullah,29
Welshmans Reef,29
Mafeking,29
Yeo,29
Nayook,29
Kurting,29
Glen Alvie,29
St Helens Plains,29
Ensay,29
Corindhap,29
Noradjuha,29
Lake Powell,29
Harmers Haven,29
Foster North,29
Rokeby,29
Staghorn Flat,29
Wild Dog Valley,29
Langley,29
Yarragon South,29
Buln Buln East,28
Kernot,28
Kingower,28
Baw Baw,28
Digby,28
Edgecombe,28
Gentle Annie,28
Bears Lagoon,28
Warrenbayne,28
Minimay,28
Wannon,28
Glenaladale,28
Lake Eildon,28
Port Franklin,28
Barwidgee,28
Staffordshire Reef,28
Baromi,28
Lima South,28
Irrewillipe,28
Mumbannar,28
Bo Peep,28
Blowhard,28
Wartook,27
Wiseleigh,27
Mannerim,27
Indigo Valley,27
St Germains,27
Nirranda,27
Wombat Creek,27
Curdievale,27
Gnotuk,27
Gorae,27
Dean,27
Arnold,27
Moranding,27
Bumberrah,27
Ancona,27
Summerlands,27
Wangandary,27
Mandurang South,27
Warrion,27
Cathcart,27
Spargo Creek,27
Gobarup,27
Knockwood,27
Wychitella,27
Howqua,26
Tempy,26
Beenak,26
Staughton Vale,26
The Honeysuckles,26
Norong,26
Tinamba West,26
Howqua Inlet,26
Wairewa,26
Jarrahmond,26
Diggora,26
The Sisters,26
Cornishtown,26
Thoona,26
Coragulac,26
Mitre,26
Woorndoo,26
Cornella,26
Wickliffe,26
Buckland,26
Yarrawalla,26
Sawmill Settlement,26
Westbury,26
Warragul South,26
Yulecart,26
Ryanston,26
Nerrena,25
Suggan Buggan,25
Wuk Wuk,25
Sutton Grange,25
Culgoa,25
Speed,25
Krowera,25
Lamplough,25
Allans Flat,25
Browns Plains,25
South Purrumbete,25
Glenhope,25
Costerfield,25
Stockdale,25
Homewood,25
Wood Wood,25
Moolort,25
Clear Lake,25
Rokewood Junction,25
Bessiebelle,25
Wallacedale,25
Gerangamete,25
Heath Hill,25
Whipstick,25
Benjeroop,25
Brimpaen,25
Morrisons,25
Airly,24
Simson,24
Buchan South,24
Yabba North,24
Naroghid,24
Barfold,24
Wando Vale,24
Wensleydale,24
Allendale,24
Craigie,24
Kalkee,24
Yeodene,24
Kirwans Bridge,24
Percydale,24
Durdidwarrah,24
Runnymede,24
Koo Wee Rup North,24
Condah,24
Woorinen North,24
Naringal East,24
Reedy Lake,24
Murphys Creek,24
Murgheboluc,24
Berrys Creek,23
Murroon,23
Barramunga,23
Crowlands,23
Willung,23
Tatyoon,23
Myrrhee,23
Rheola,23
Newlyn North,23
Orford,23
Kennett River,23
Bruarong,23
Alberton West,23
Noorinbee,23
Leichardt,23
Yandoit,23
Yanac,23
Merricks Beach,23
Cape Conran,23
Brodribb River,23
Bona Vista,23
Fairy Dell,23
Gherang,23
Londrigan,23
Merrinee,23
Greta West,23
Cudgewa,23
Gooramadda,23
Campbelltown,23
Manns Beach,23
Lerderderg,23
Lake Rowan,22
Lima East,22
Mount Doran,22
Eurobin,22
Wallinduc,22
Dingwall,22
Boosey,22
Carrajung South,22
Gilderoy,22
Taminick,22
Wonyip,22
Jack River,22
Mount Toolebewong,22
Stockyard Hill,22
Walpeup,22
Mossiface,22
Llanelly,22
Brandy Creek,22
Woodfield,22
Bullumwaal,22
Flaggy Creek,22
Ellaswood,22
Carapooee West,22
Little Hampton,22
Dutson,22
Duchembegarra,22
Archies Creek,21
Bowser,21
Cooriemungle,21
Tallangatta Valley,21
Toora North,21
Giffard,21
Tarra Valley,21
Montgomery,21
Barrys Reef,21
Freeburgh,21
Cowangie,21
Gillieston,21
Docker,21
Fawcett,21
Miram,21
Bonang,21
Murraydale,21
Goldsborough,21
Rosebrook,21
Monomeith,21
Yielima,21
Vesper,21
Springmount,21
Yangery,21
Murrabit West,21
Youarang,21
Lang Lang East,21
Westmere,21
Macorna,21
Bamawm Extension,21
Lyonville,21
Coalville,21
Thorpdale South,21
Ombersley,21
Chesney Vale,21
Dreeite,21
Samaria,21
Upotipotpon,20
Creightons Creek,20
Vervale,20
Maffra West Upper,20
Jarklin,20
Kewell,20
Cabbage Tree Creek,20
Allambee Reserve,20
Betley,20
Victoria Valley,20
Glenaire,20
Tintaldra,20
Winchelsea South,20
Bambra,20
Piedmont,20
Middle Creek,20
Korumburra South,20
Brewster,20
Middle Tarwin,20
Glenfyne,20
Baynton,20
Ladys Pass,20
Mannibadar,20
Lake Mundi,20
Jumbunna,20
Drumanure,20
Netherby,20
Langi Kal Kal,20
Chepstowe,20
Caveat,20
Cobungra,20
Nariel Valley,20
Grand Ridge,20
Kyneton South,20
Lake Fyans,20
Barnadown,20
Macs Cove,20
Katamatite East,20
Burnbank,20
Archdale Junction,19
Murra Warra,19
Nullawil,19
Sandon,19
Trida,19
Pound Creek,19
Grassdale,19
Allambee South,19
Streatham,19
Tamleugh,19
Rose River,19
Koetong,19
Myamyn,19
Karramomus,19
Barwon Downs,19
Paradise,19
West Creek,19
Ghin Ghin,19
Killingworth,19
Glenalbyn,19
Bemm River,19
Murrawee,19
Cosgrove,19
Myall,19
Bungador,19
Lurg,19
Nintingbool,19
Goongerah,19
Leongatha North,19
Swan Bay,19
Woorarra East,19
Glenhope East,18
Seaview,18
Nirranda South,18
Taylor Bay,18
Chiltern Valley,18
Carlyle,18
Wareek,18
Carapooee,18
Kardella South,18
Edi,18
Ferndale,18
Limestone,18
Strzelecki,18
Minjah,18
Bridge Creek,18
Stewarton,18
Poowong East,18
Bend Of Islands,18
Coghills Creek,18
Mologa,18
Piries,18
Milnes Bridge,18
Nalangil,18
King Valley,18
Sailors Hill,18
Tetoora Road,18
Dutson Downs,18
Franklinford,18
The Heart,18
Ballangeich,18
Bengworden,18
Gonn Crossing,18
Lake Lonsdale,18
Durham Ox,18
Burramboot,18
Mincha West,17
Anglers Rest,17
Dorodong,17
Mountain View,17
Teal Point,17
Big Pats Creek,17
Whanregarwen,17
Porcupine Ridge,17
Claretown,17
Upper Lurg,17
Bunding,17
Breakaway Creek,17
Clarkes Hill,17
Callignee North,17
Gannawarra,17
She Oaks,17
Warragul West,17
Mead,17
Pine Grove,17
Allambee,17
Pipers Creek,17
Bostocks Creek,17
Yapeen,17
Arawata,17
Cadello,17
Goomalibee,17
Greta South,17
Chinkapook,17
Carranballac,17
Loch Valley,17
Mardan,17
Cambarville,17
Bromley,17
Barkly,17
Merriang,17
Glenpatrick,17
Weerite,17
Seacombe,16
Hesse,16
Mount Franklin,16
Wurdiboluc,16
Musk Vale,16
Glomar Beach,16
Sailors Falls,16
Bahgallah,16
Toolong,16
Dutton Way,16
Ballyrogan,16
Yarpturk,16
Greenwald,16
Boho,16
Capels Crossing,16
Lower Norton,16
Laang,16
Wandella,16
Antwerp,16
Garibaldi,16
Horfield,16
Avonmore,16
Chapple Vale,16
Buckrabanyule,16
Dergholm,16
Nalinga,16
Staceys Bridge,16
Cosgrove South,16
Hordern Vale,16
Waratah Bay,16
Glenormiston North,16
Johanna,16
Hiawatha,16
Corringle,16
Eastern View,16
Emu,16
Rathscar,16
Kellalac,16
Combienbar,16
Skinners Flat,16
Bullarto,16
Elingamite North,16
Tamboon,16
Green Gully,15
Mount Best,15
Nug Nug,15
Gaffneys Creek,15
Bagshot North,15
Mooralla,15
Sheep Hills,15
Bonn,15
Prairie,15
Wooroonook,15
Caringal,15
Mount Eccles,15
Nandaly,15
Cochranes Creek,15
Mount Major,15
Fiskville,15
Roslynmead,15
Moutajup,15
Eddington,15
Cherokee,15
Ulupna,15
Liparoo,15
Pompapiel,15
Marraweeney,15
Bendoc,15
Matlock,15
Gong Gong,15
Tallandoon,15
Kooreh,15
Salisbury West,15
Mooroopna North West,15
Devils River,15
Cathkin,15
Lillicur,15
Biggara,15
Broadwater,15
Towong,15
Hotspur,15
Meadow Creek,15
Bung Bong,15
Mockinya,15
Earlston,14
Dawson,14
Moormbool West,14
Lance Creek,14
Cobaw,14
Nunniong,14
Georges Creek,14
Croxton East,14
Byaduk,14
Blakeville,14
Meringur,14
Newbury,14
Mepunga East,14
Foxhow,14
Tallangatta South,14
Dixie,14
Nowie,14
Upper Ryans Creek,14
Adelaide Lead,14
Denicull Creek,14
Ullswater,14
Creswick North,14
Denver,14
Clydesdale,14
Boorhaman,14
St Clair,14
Tyaak,14
Benwerrin,14
Loy Yang,14
Koorooman,14
Bobinawarrah,14
Lillico,14
Huon Creek,14
Carboor,14
Tubbut,13
Traynors Lagoon,13
Gelliondale,13
Torwood,13
Ledcourt,13
Logan,13
Russells Bridge,13
Youanmite,13
Weering,13
Gobur,13
Paaratte,13
East Wangaratta,13
Dookie College,13
Oxley Flats,13
Jancourt,13
Derby,13
Pitfield,13
Winton North,13
Strathkellar,13
Stoneleigh,13
Chintin,13
Mount Buffalo,13
Gundowring,13
Carapook,13
Rosewhite,13
Panitya,13
Mount Prospect,13
Glenbrae,13
Moonlight Flat,13
Minhamite,13
Ruffy,13
Kerang East,13
Tennyson,13
Boweya,13
Mundoona,13
Powlett Plains,13
Glenmore,13
Mount Bruno,12
Pura Pura,12
Mudgegonga,12
Whorouly East,12
Telopea Downs,12
Thowgla Valley,12
Osbornes Flat,12
Strangways,12
Macks Creek,12
Pomborneit East,12
Charleroi,12
Brenanah,12
Mount Buller,12
Mount Alfred,12
Dandongadale,12
Tesbury,12
Wingan River,12
Lucyvale,12
Wootong Vale,12
Daltons Bridge,12
Molka,12
Illabarook,12
Henty,12
Kithbrook,12
Slaty Creek,12
Rythdale,12
Joyces Creek,12
Brucknell,12
Wal Wal,12
Annuello,12
W Tree,12
Tostaree,12
Lawloit,12
Codrington,12
Tongio,12
Terip Terip,12
Boweya North,12
Mollongghip,12
Wingeel,12
Tarwin,12
Nareen,12
Wonga,12
Woosang,12
Bellbird Creek,12
Drummartin,12
Moorilim,12
Southern Cross,12
Lubeck,11
Fyans Creek,11
Kardella,11
Byaduk North,11
Separation Creek,11
Archerton,11
Glenisla,11
Mountain Bay,11
Pomborneit North,11
Agnes,11
Bulart,11
Wallaloo East,11
Tarrawarra,11
Brit Brit,11
St Arnaud North,11
Archdale,11
Chillingollah,11
Norval,11
Corunnun,11
Greenhill,11
Gellibrand Lower,11
Kancoona,11
Kelvin View,11
Strathlea,11
Curdies River,11
Tanybryn,11
Mount Hooghly,11
Mount Bute,11
Hunter,11
Mepunga West,11
Lawrence,11
Dunrobin,11
Cobrico,11
Chewton Bushlands,11
Warrong,11
Nullawarre North,11
Nurrabiel,11
Duverney,11
Wilsons Hill,10
Bundalong South,10
Yundool,10
Gazette,10
Lake Eppalock,10
Bullarto South,10
Mincha,10
Leonards Hill,10
Waanyarra,10
Colac Colac,10
Milloo,10
Korobeit,10
Moggs Creek,10
Rocklands,10
Toombon,10
Tanjil,10
Ranceby,10
Frenchmans,10
Katandra,10
Heytesbury Lower,10
Rocklyn,10
Howes Creek,10
Bungil,10
Cabbage Tree,10
Douglas,10
Leslie Manor,10
Mount Cole,10
Moora,10
Boho South,10
Pastoria,10
Tarranyurk,10
Eversley,10
Major Plains,10
Koriella,10
Langdons Hill,10
McMillans,10
Greta,10
Kulwin,10
Bamganie,10
Tanjil Bren,10
Flynns Creek,10
Woodglen,10
Mount Bolton,10
Cotswold,10
Creek View,10
Springdallah,10
Muckleford South,10
Kenley,10
Greens Creek,10
Glenluce,10
Whitlands,9
Main Lead,9
Calrossie,9
Tourello,9
Watsons Creek,9
Irrewillipe East,9
Cannum,9
Tandarra,9
Bunguluke,9
Joel Joel,9
Neds Corner,9
Noorinbee North,9
Ercildoune,9
Bungeet,9
Meatian,9
Fumina,9
Blackwarry,9
Tahara,9
Watchupga,9
Koroop,9
Wedderburn Junction,9
Tarrone,9
Bungal,9
Chocolyn,9
Darriman,9
Nerrin Nerrin,9
Balintore,9
Pittong,9
Mininera,9
Vaughan,9
Mount Emu,9
Metcalfe East,9
Delegate River,9
Berringama,9
Waygara,9
Weatherboard,9
Neerim North,9
Tarnook,9
Woodstock On Loddon,9
Corndale,9
Cargerie,9
Coonooer Bridge,9
Boorhaman North,9
Nangana,9
Wehla,9
Gymbowen,9
Omeo Valley,9
Kadnook,9
Mena Park,9
Ullina,9
Nuggetty,9
Heathcote South,9
Gringegalgona,9
Merriang South,9
Smoko,9
Bayindeen,9
Fern Hill,9
Kennedys Creek,8
Hensley Park,8
Ocean Grange,8
Tarilta,8
Dumbalk North,8
Riggs Creek,8
Yandoit Hills,8
Eaglehawk North,8
Hazel Park,8
Woorarra West,8
Bolwarrah,8
Kanumbra,8
Bindi,8
Bulgana,8
Maintongoon,8
Tooan,8
Konongwootong,8
Kooroocheang,8
Llowalong,8
Vite Vite,8
Tanwood,8
Pelluebla,8
Bathumi,8
Homebush,8
Burramine South,8
Sugarloaf,8
Telford,8
Glenlee,8
Mount Dryden,8
Dockers Plains,8
Bete Bolong,8
Thologolong,8
Mittyack,8
Glen Creek,8
East Sale,8
Walkerville South,8
Glenlogie,8
Ferguson,8
Dunluce,8
Rhymney,8
Icy Creek,8
Bungeet West,8
Fernihurst,8
Skibo,8
Fumina South,8
Upper Gundowring,8
Goldie,8
Rossbridge,8
Ayrford,8
Newfield,8
Bogong,8
Waterholes,8
Abbeyard,8
Glendonald,8
Langkoop,8
Bangerang,8
Lyons,8
Skenes Creek North,8
Wee Wee Rup,8
Nurcoung,8
Narraport,7
Yuulong,7
Delatite,7
Arnold West,7
Aberfeldy,7
Pastoria East,7
Normanville,7
Woodstock West,7
Jeffcott North,7
Keely,7
Torrita,7
Irishtown,7
Wongarra,7
Melwood,7
North Blackwood,7
Lah,7
Watchem West,7
Woodhouse,7
Dry Diggings,7
Poolaijelo,7
Walkerville North,7
Kergunyah South,7
Manorina,7
Yarraberb,7
Zumsteins,7
Smokeytown,7
Bullioh,7
Colbrook,7
Chandlers Creek,7
Fiery Flat,7
Maramingo Creek,7
Banyena,7
Bowmans Forest,7
Jarvis Creek,7
Miga Lake,7
Tamleugh North,7
Peechelba East,7
Addington,7
Corack,7
Pier Milan,7
Creek Junction,7
Cullen,7
Balook,7
Dumosa,7
Cross Roads,7
Glendaruel,6
Brookville,6
Myrtle Creek,6
Langi Logan,6
Edi Upper,6
Mongans Bridge,6
Glen Valley,6
Hiamdale,6
Benayeo,6
Double Bridges,6
Shelley,6
Fairley,6
Beazleys Bridge,6
Barrakee,6
Marnoo East,6
Basalt,6
Elevated Plains,6
Iguana Creek,6
Cobbannah,6
Gower,6
Pranjip,6
Tarrengower,6
Willatook,6
Almonds,6
Beauchamp,6
Dollar,6
Marionvale,6
Campbells Bridge,6
Barunah Park,6
Hilgay,6
Tarcombe,6
Pigeon Ponds,6
Cassilis,6
Madalya,6
Lindsay Point,6
Auchmore,6
Lima,6
Lake Meran,6
Wallup,6
Fish Point,6
Litchfield,6
Tandarook,6
Goschen,6
Barraport,6
Bulga,6
Willaura North,6
Kunat,6
Grey River,6
Gritjurk,6
Warrayure,6
Bushy Park,6
Winnap,6
Mysia,6
Callawadda,6
Homerton,6
Caralulup,6
Boonah,6
Baringhup West,6
Pennyroyal,6
Purnim West,6
Moorngag,6
Karyrie,6
Melville Forest,6
Werona,6
Vasey,6
Gil Gil,6
Dunneworthy,6
Nareeb,6
Crymelon,6
Glenloth East,6
Tabor,6
Gre Gre South,5
Licola North,5
Tonghi Creek,5
Koallah,5
Cobberas,5
Deddick Valley,5
Moyreisk,5
Glenrowan West,5
Bringalbert,5
Linga,5
Reedy Dam,5
Dooboobetic,5
Telangatuk East,5
Gainsborough,5
Crooked River,5
Broken Creek,5
Tyrendarra East,5
Dundonnell,5
Whorouly South,5
Cherrypool,5
Howqua Hills,5
Meering West,5
Coonooer West,5
Chute,5
Narrung,5
Wyelangta,5
Waitchie,5
Swan Hill West,5
Gowangardie,5
Terrick Terrick East,5
Murnungin,5
Whoorel,5
Murrindal,5
Glenloth,5
Tutye,5
Darlimurla,5
Grampians,5
Wirrate,5
Mount Tassie,5
Mingay,5
Muntham,5
Aubrey,5
Eastville,5
Wulgulmerang East,5
Hansonville,5
Bridgewater North,5
McIntyre,5
Hunterston,5
Simpsons Creek,5
Kanagulk,5
Towan,5
Sutherland,5
Yalmy,5
Joel South,5
Guys Forest,5
Peronne,5
Karabeal,4
Timboon West,4
Sylvaterre,4
Mirimbah,4
Boorool,4
Wombelano,4
Natya,4
Woolenook,4
Boomahnoomoonah,4
Elingamite,4
Jumbuk,4
Glenlofty,4
Fentons Creek,4
Curyo,4
Barkstead,4
Wulgulmerang,4
Mywee,4
Lake Marmal,4
Tambo Crossing,4
Woolshed Flat,4
Moolerr,4
Howitt Plains,4
Teddywaddy,4
Waarre,4
Towong Upper,4
Cowleys Creek,4
Boolite,4
Boxwood,4
Lilliput,4
Appin South,4
Running Creek,4
Upton Hill,4
Burrowye,4
Nyrraby,4
Gerahmin,4
Wool Wool,4
Bradvale,4
Chapel Flat,4
Englefield,4
Coojar,4
Chatsworth,4
Landsborough West,4
Fernshaw,4
Roses Gap,4
Wangarabell,4
Wooreen,4
Whitelaw,4
Cokum,4
Selwyn,4
Mount Cole Creek,4
Scotchmans Lead,4
Warrabkook,4
Myola,4
Ninda,4
Macorna North,4
Bael Bael,4
Wonnangatta,4
Westby,4
Bimbourie,4
Ada,4
Boola,4
Nangeela,4
Noorat East,4
Churchill Island,4
Paschendale,3
Nyerimilang,3
Tallangatta East,3
Wabonga,3
Nerring,3
Buragwonduc,3
Gre Gre,3
Areegra,3
Budgerum East,3
Murmungee,3
Morrl Morrl,3
Charam,3
Knebsworth,3
Buckley Swamp,3
Framlingham East,3
Rosebery,3
Castle Creek,3
Burkes Flat,3
Cundare North,3
Nareewillock,3
Rich Avon West,3
Teddywaddy West,3
Turriff,3
Esmond,3
Appin,3
Dreeite South,3
Wychitella North,3
Timbarra,3
Gipsy Point,3
Minmindie,3
Tulkara,3
Gladfield,3
Terrick Terrick,3
Kooloonong,3
Gunyah,3
Bullaharre,3
Kinnabulla,3
Mokepilly,3
Flamingo Beach,3
Bellellen,3
Winlaton,3
Doctors Flat,3
Neuarpurr,3
Cannie,3
Picola West,3
Willowvale,3
Loddon Vale,3
Broughton,3
Whirily,3
Gowar East,3
Drik Drik,3
Stavely,3
Neereman,3
Chinangin,3
Boole Poole,3
Wallagaraugh,3
Glengower,3
St Helens,3
Yabba South,3
Rathscar West,3
Pira,3
Falls Creek,3
Culla,3
Wycheproof South,3
Mirranatwa,3
Gatum,3
Jericho,3
Murray-sunset,2
Bete Bolong North,2
Nurran,2
Lorquon,2
Willenabrina,2
Tahara West,2
Moglonemby,2
Wallaloo,2
Wattle Hill,2
Avon Plains,2
Turoar,2
Moornapa,2
Sidonia,2
Wongungarra,2
Massey,2
Kalpienung,2
Thalia,2
Weeaproinah,2
Laen East,2
Kurraca West,2
Hotham Heights,2
Leaghur,2
Jeffcott,2
Yeungroon,2
Bradford,2
Toorongo,2
Corack East,2
Warrenmang,2
Banyan,2
Tyrrell Downs,2
Fairbank,2
Yalla-Y-Poora,2
Reedy Flat,2
Nirranda East,2
Vite Vite North,2
Waggarandall,2
Nine Mile,2
Boinka,2
Morton Plains,2
Carron,2
Amor,2
Cundare,2
Gelantipy,2
Bornes Hill,2
Painswick,2
Tarrayoukyan,2
Nowhere Creek,2
Lake Condah,2
Swan Island,2
Morgiana,2
Rich Avon East,2
Bennison,2
Callignee South,2
Victoria Point,2
Sheans Creek,2
Germania,2
Gowanford,2
Taroon,2
Lawler,2
Ninyeunook,2
Gerrigerrup,2
Cope Cope,2
Berrimal,2
Bingo Munjie,2
Karnak,2
Tahara Bridge,2
Patyah,2
The Cove,2
Hawkhurst,2
Warrock,2
Carina,2
Mount Sabine,2
Enochs Point,2
Moroka,2
Timor West,2
Mount Beckworth,2
Monomak,2
Yando,2
Marlbed,1
Turriff East,1
Hinnomunjie,1
Barunah Plains,1
Barraport West,1
Glen Wills,1
Yatchaw,1
Winjallok,1
Little Desert,1
Ensay North,1
Butchers Ridge,1
Rich Avon,1
Coral Bank,1
Tarrenlea,1
Lake Wongan,1
Koonda,1
Yeungroon East,1
Mount Napier,1
Swanwater,1
Richmond Plains,1
Brimboal,1
Towaninny South,1
Piggoreet,1
Bravington,1
Boolarong,1
Dalyenong,1
Jil Jil,1
Kinypanial,1
Tom Groggin,1
Old Tallangatta,1
Sutton,1
Nyarrin,1
Mount Cameron,1
Buldah,1
Sandhill Lake,1
Lindsay,1
Big Desert,1
Wando Bridge,1
Koorool,1
Glenfalloch,1
Wattle Creek,1
Burkes Bridge,1
Pine Mountain,1
Lake Tyrrell,1
Cocamba,1
Willangie,1
Tittybong,1
Terrappee,1
Tamboritha,1
Ozenkadnook,1
Marnoo West,1
Miowera,1
Laen North,1
Riachella,1
Eurack,1
Cheshunt South,1
Rocky Point,1
Bolton,1
Boigbeat,1
Kanya,1
Cowa,1
Clover Flat,1
Yarrawonga South,1
Powers Creek,1
